{"cameraMode":{"drawMode":0,"name":"Shaded","section":"Shading Mode"},"sceneLighting":false,"audioPlay":false,"sceneViewState":{"m_AlwaysRefresh":false,"showFog":false,"showSkybox":false,"showFlares":true,"showImageEffects":true,"showParticleSystems":true,"showVisualEffectGraphs":true,"m_FxEnabled":true},"in2DMode":false,"pivot":{"x":0.8869609832763672,"y":-0.46341097354888918,"z":0.9390905499458313},"rotation":{"x":0.14338025450706483,"y":0.7065224647521973,"z":-0.14971086382865907,"w":0.6766456961631775},"size":2.5613529682159426,"orthographic":false}