{"cameraMode":{"drawMode":0,"name":"Shaded","section":"Shading Mode"},"sceneLighting":false,"audioPlay":false,"sceneViewState":{"m_AlwaysRefresh":false,"showFog":false,"showSkybox":true,"showFlares":true,"showImageEffects":true,"showParticleSystems":true,"showVisualEffectGraphs":true,"m_FxEnabled":true},"in2DMode":false,"pivot":{"x":-10.152275085449219,"y":0.40590524673461916,"z":-16.996421813964845},"rotation":{"x":0.03778495267033577,"y":-0.9618973135948181,"z":0.17832732200622559,"w":0.20380747318267823},"size":8.743634223937989,"orthographic":false}