{"cameraMode":{"drawMode":0,"name":"Shaded","section":"Shading Mode"},"sceneLighting":false,"audioPlay":false,"sceneViewState":{"m_AlwaysRefresh":false,"showFog":false,"showSkybox":true,"showFlares":true,"showImageEffects":true,"showParticleSystems":true,"showVisualEffectGraphs":true,"m_FxEnabled":true},"in2DMode":false,"pivot":{"x":0.23194578289985658,"y":-0.8675053119659424,"z":11.825918197631836},"rotation":{"x":0.17637929320335389,"y":-0.007390949409455061,"z":0.00130088918376714,"w":0.9843050837516785},"size":9.486482620239258,"orthographic":false}