{"cameraMode":{"drawMode":0,"name":"Shaded","section":"Shading Mode"},"sceneLighting":false,"audioPlay":false,"sceneViewState":{"m_AlwaysRefresh":false,"showFog":false,"showSkybox":true,"showFlares":true,"showImageEffects":true,"showParticleSystems":true,"showVisualEffectGraphs":true,"m_FxEnabled":true},"in2DMode":false,"pivot":{"x":10.802709579467774,"y":1.5344715118408204,"z":-4.099586009979248},"rotation":{"x":0.15424272418022157,"y":0.7455554008483887,"z":-0.18506774306297303,"w":0.6213759779930115},"size":13.869354248046875,"orthographic":false}