{"cameraMode":{"drawMode":0,"name":"Shaded","section":"Shading Mode"},"sceneLighting":false,"audioPlay":false,"sceneViewState":{"m_AlwaysRefresh":false,"showFog":false,"showSkybox":true,"showFlares":true,"showImageEffects":true,"showParticleSystems":true,"showVisualEffectGraphs":true,"m_FxEnabled":true},"in2DMode":false,"pivot":{"x":12.802118301391602,"y":8.389596939086914,"z":17.535415649414064},"rotation":{"x":0.06586155295372009,"y":-0.9329932928085327,"z":-0.27303019165992739,"w":-0.22506588697433473},"size":8.743634223937989,"orthographic":false}