{"cameraMode":{"drawMode":0,"name":"Shaded","section":"Shading Mode"},"sceneLighting":false,"audioPlay":false,"sceneViewState":{"m_AlwaysRefresh":false,"showFog":false,"showSkybox":true,"showFlares":true,"showImageEffects":true,"showParticleSystems":true,"showVisualEffectGraphs":true,"m_FxEnabled":true},"in2DMode":false,"pivot":{"x":1.7364695072174073,"y":-0.22148072719573975,"z":1.227457880973816},"rotation":{"x":0.010184966027736664,"y":0.030590202659368516,"z":0.00031170350848697126,"w":-0.9994812607765198},"size":3.8257832527160646,"orthographic":false}