{"cameraMode":{"drawMode":0,"name":"Shaded","section":"Shading Mode"},"sceneLighting":false,"audioPlay":false,"sceneViewState":{"m_AlwaysRefresh":false,"showFog":false,"showSkybox":true,"showFlares":true,"showImageEffects":true,"showParticleSystems":true,"showVisualEffectGraphs":true,"m_FxEnabled":true},"in2DMode":false,"pivot":{"x":-6.221220016479492,"y":-0.14323711395263673,"z":3.1988964080810549},"rotation":{"x":0.06080757454037666,"y":-0.9325255155563355,"z":0.30263587832450869,"w":0.18737512826919557},"size":21.485130310058595,"orthographic":false}