{"cameraMode":{"drawMode":0,"name":"Shaded","section":"Shading Mode"},"sceneLighting":false,"audioPlay":false,"sceneViewState":{"m_AlwaysRefresh":false,"showFog":false,"showSkybox":false,"showFlares":true,"showImageEffects":true,"showParticleSystems":true,"showVisualEffectGraphs":true,"m_FxEnabled":true},"in2DMode":false,"pivot":{"x":-0.7398977875709534,"y":0.6545005440711975,"z":0.249643012881279},"rotation":{"x":0.0007904958329163492,"y":0.9982603192329407,"z":-0.05727319419384003,"w":0.01377632562071085},"size":1.956393837928772,"orthographic":false}