{"cameraMode":{"drawMode":0,"name":"Shaded","section":"Shading Mode"},"sceneLighting":false,"audioPlay":false,"sceneViewState":{"m_AlwaysRefresh":false,"showFog":false,"showSkybox":false,"showFlares":true,"showImageEffects":true,"showParticleSystems":true,"showVisualEffectGraphs":true,"m_FxEnabled":true},"in2DMode":false,"pivot":{"x":0.20582950115203858,"y":0.1857479214668274,"z":0.37466520071029665},"rotation":{"x":-0.03766302391886711,"y":0.9573512077331543,"z":-0.14646196365356446,"w":-0.24618537724018098},"size":2.458162307739258,"orthographic":false}